"443, Cottage 9",Nehru Marg,Opposite Shopping Complex,Aliganj,Bijnor,Uttar Pradesh,246701
"294, Cottage 6",Ravindrapuri Road,Near Metro Station,Vikas Nagar,Deoria,Uttar Pradesh,274001
"390, Bungalow 30",Vikas Marg,Close to Bus Stand,Shyam Nagar,Kanpur,Uttar Pradesh,208001
"188, Bungalow 30",Ashok Marg,Behind Post Office,Mahanagar,Unnao,Uttar Pradesh,209801
"81, Apt. 22",Mall Road,Next to Central Park,Ashiyana,Hapur,Uttar Pradesh,245101
"344, Villa 7",Ambedkar Road,Close to Bus Stand,Lal Bangla,Hapur,Uttar Pradesh,245101
"217, Bungalow 17",Jawahar Road,Near Industrial Area,Raj Nagar,Etawah,Uttar Pradesh,206001
"152, Cottage 13",Station Road,Near Main Market,Shahganj,Ayodhya,Uttar Pradesh,224123
"154, Apt. 13",Ravindrapuri Road,Near Industrial Area,Kalyanpur,Ayodhya,Uttar Pradesh,224123
"400, Cottage 24",Tilak Road,Next to Temple,Kidwai Nagar,Mau,Uttar Pradesh,275101
"272, Cottage 29",Gandhi Chowk,Near Industrial Area,Shyam Nagar,Bareilly,Uttar Pradesh,243001
"456, Apt. 6",Rajendra Nagar Road,Near Metro Station,Sigra,Farrukhabad,Uttar Pradesh,209625
"100, Bungalow 25",Lal Bahadur Shastri Road,Behind Post Office,Ashiyana,Prayagraj,Uttar Pradesh,211001
"173, House 15",Mahatma Gandhi Road,Next to Central Park,Lal Bangla,Jhansi,Uttar Pradesh,284001
"351, Bungalow 9",Jawahar Road,Next to Community Center,Kalyanpur,Etawah,Uttar Pradesh,206001
"314, Cottage 11",Vivekananda Path,Adjacent to Police Station,Vikas Nagar,Meerut,Uttar Pradesh,250001
"269, House 14",Jawahar Road,Adjacent to Police Station,Model Town,Agra,Uttar Pradesh,282001
"74, Villa 10",Ravindrapuri Road,Close to Airport,GT Road,Firozabad,Uttar Pradesh,283203
"354, House 18",Gandhi Chowk,Opposite City Mall,Vikas Nagar,Deoria,Uttar Pradesh,274001
"303, Bungalow 3",Lal Bahadur Shastri Road,Opposite Hospital,Nehru Nagar,Lucknow,Uttar Pradesh,226001
"387, Bungalow 3",Ambedkar Road,Next to Temple,Nirala Nagar,Agra,Uttar Pradesh,282001
"451, Cottage 3",Tagore Road,Opposite Shopping Complex,Alambagh,Shahjahanpur,Uttar Pradesh,242001
"37, Cottage 9",Vikas Marg,Behind Post Office,Jankipuram,Ghaziabad,Uttar Pradesh,201001
"212, Villa 19",Tilak Road,Behind Govt. School,Mahanagar,Mathura,Uttar Pradesh,281001
"261, House 21",Gandhi Chowk,Close to Airport,Jankipuram,Mau,Uttar Pradesh,275101
"269, Villa 9",Tagore Road,Close to Airport,Aashiana,Hapur,Uttar Pradesh,245101
"317, Bungalow 14",Patel Marg,Next to Community Center,Cantt Area,Faizabad,Uttar Pradesh,224001
"253, Bungalow 14",Jawahar Road,Near Main Market,Shyam Nagar,Faizabad,Uttar Pradesh,224001
"217, Cottage 16",Vikas Marg,Near Stadium,Shyam Nagar,Noida,Uttar Pradesh,201301
"471, Flat 13",Lal Bahadur Shastri Road,Near Railway Station,Gomti Nagar,Varanasi,Uttar Pradesh,221001
"191, Cottage 2",Ambedkar Road,Near Railway Station,Swaroop Nagar,Rampur,Uttar Pradesh,244901
"347, House 27",Nehru Marg,Opposite City Mall,Lal Bangla,Noida,Uttar Pradesh,201301
"92, Apt. 22",Tagore Road,Near Railway Station,Chinhat,Lucknow,Uttar Pradesh,226001
"229, Apt. 10",Subhash Chauraha,Near Main Market,Chinhat,Lucknow,Uttar Pradesh,226001
"460, Cottage 24",Shastri Marg,Opposite Bank,Civil Lines,Faizabad,Uttar Pradesh,224001
"91, Villa 7",Tagore Road,Close to Airport,GT Road,Firozabad,Uttar Pradesh,283203
"422, House 19",Shivaji Marg,Opposite City Mall,Shahganj,Lucknow,Uttar Pradesh,226001
"111, Flat 18",Mahatma Gandhi Road,Near Stadium,Vikas Nagar,Varanasi,Uttar Pradesh,221001
"140, Bungalow 4",Sardar Patel Road,Behind Govt. School,Shyam Nagar,Ghaziabad,Uttar Pradesh,201001
"275, Villa 16",Ambedkar Road,Near Industrial Area,Chowk,Shahjahanpur,Uttar Pradesh,242001
"344, Apt. 8",Subhash Chauraha,Near University,Keshav Nagar,Farrukhabad,Uttar Pradesh,209625
"377, Flat 20",Subhash Chauraha,Opposite Shopping Complex,Kavi Nagar,Faizabad,Uttar Pradesh,224001
"259, House 21",Shivaji Marg,Next to Community Center,Kalyanpur,Lucknow,Uttar Pradesh,226001
"43, Apt. 17",Subhash Chauraha,Near Railway Station,Gomti Nagar,Prayagraj,Uttar Pradesh,211001
"283, Apt. 16",Rajendra Nagar Road,Opposite Bank,Saket Nagar,Shahjahanpur,Uttar Pradesh,242001
"182, Bungalow 26",Ambedkar Road,Next to Central Park,Alambagh,Agra,Uttar Pradesh,282001
"385, Villa 14",Vivekananda Path,Near University,Rambagh,Kanpur,Uttar Pradesh,208001
"169, Villa 26",Mahatma Gandhi Road,Opposite Shopping Complex,Tajganj,Meerut,Uttar Pradesh,250001
"44, Bungalow 8",Vivekananda Path,Near District Court,Kakadeo,Moradabad,Uttar Pradesh,244001
"200, Villa 22",Ambedkar Road,Close to Bus Stand,Kidwai Nagar,Hapur,Uttar Pradesh,245101
"403, Bungalow 13",Rajpath,Near Industrial Area,Tajganj,Bareilly,Uttar Pradesh,243001
"278, Villa 11",Lal Bahadur Shastri Road,Next to Central Park,Alambagh,Ghaziabad,Uttar Pradesh,201001
"182, Villa 21",Lal Bahadur Shastri Road,Opposite Shopping Complex,Shyam Nagar,Agra,Uttar Pradesh,282001
"160, Bungalow 8",Station Road,Close to Airport,Shastri Nagar,Bijnor,Uttar Pradesh,246701
"111, Cottage 11",Shastri Marg,Near Railway Station,Sikandra,Gorakhpur,Uttar Pradesh,273001
"107, Apt. 24",Mall Road,Near District Court,Charbagh,Noida,Uttar Pradesh,201301
"393, Villa 11",Nehru Marg,Close to Bus Stand,Swaroop Nagar,Prayagraj,Uttar Pradesh,211001
"358, Villa 18",Rajpath,Close to Bus Stand,Sarvodaya Nagar,Firozabad,Uttar Pradesh,283203
"262, Bungalow 19",Jawahar Road,Near Stadium,Chowk,Bijnor,Uttar Pradesh,246701
"200, Flat 18",Ashok Marg,Near Industrial Area,Kakadeo,Varanasi,Uttar Pradesh,221001
"149, Villa 9",Ashok Marg,Opposite Shopping Complex,Model Town,Mathura,Uttar Pradesh,281001
"390, House 16",Subhash Chauraha,Opposite Shopping Complex,Vijay Nagar,Agra,Uttar Pradesh,282001
"37, Apt. 25",Nehru Road,Next to Community Center,Aliganj,Meerut,Uttar Pradesh,250001
"54, Flat 6",Nehru Road,Opposite City Mall,Kamla Nagar,Muzaffarnagar,Uttar Pradesh,251001
"86, Flat 10",Vivekananda Path,Near Main Market,Jankipuram,Firozabad,Uttar Pradesh,283203
"230, House 7",Rajendra Nagar Road,Close to Airport,Lal Bangla,Moradabad,Uttar Pradesh,244001
"472, Cottage 19",Gandhi Chowk,Behind Govt. School,Charbagh,Aligarh,Uttar Pradesh,202001
"71, Bungalow 30",Subhash Chauraha,Next to Community Center,Aliganj,Moradabad,Uttar Pradesh,244001
"161, Flat 7",Ambedkar Road,Near Industrial Area,Vijay Nagar,Lucknow,Uttar Pradesh,226001
"385, Flat 21",Nehru Road,Behind Govt. School,Kidwai Nagar,Lucknow,Uttar Pradesh,226001
"195, Cottage 29",Ashok Marg,Next to Temple,Chinhat,Varanasi,Uttar Pradesh,221001
"190, Cottage 12",Tagore Road,Near Railway Station,Kakadeo,Aligarh,Uttar Pradesh,202001
"307, Cottage 6",Tagore Road,Near Stadium,Model Town,Saharanpur,Uttar Pradesh,247001
"447, Bungalow 29",Lal Bahadur Shastri Road,Next to Central Park,Kalyanpur,Lucknow,Uttar Pradesh,226001
"196, Villa 16",Shastri Marg,Near Railway Station,Kalyanpur,Farrukhabad,Uttar Pradesh,209625
"344, Villa 17",Nehru Road,Close to Bus Stand,Kidwai Nagar,Meerut,Uttar Pradesh,250001
"215, Apt. 20",Shastri Marg,Close to Airport,Shastri Nagar,Deoria,Uttar Pradesh,274001
"191, Apt. 16",Vivekananda Path,Behind Post Office,Ashiyana,Faizabad,Uttar Pradesh,224001
"245, Flat 1",Vikas Marg,Next to Temple,Kalyanpur,Hapur,Uttar Pradesh,245101
"77, Apt. 16",Jawahar Road,Next to Community Center,Alambagh,Noida,Uttar Pradesh,201301
"357, Villa 17",Jawahar Road,Near University,Sarvodaya Nagar,Lucknow,Uttar Pradesh,226001
"171, Flat 4",Vivekananda Path,Adjacent to Police Station,Kakadeo,Moradabad,Uttar Pradesh,244001
"377, Cottage 21",Subhash Chauraha,Opposite Bank,Kakadeo,Muzaffarnagar,Uttar Pradesh,251001
"347, House 2",Jawahar Road,Close to Airport,Jankipuram,Ayodhya,Uttar Pradesh,224123
"280, Flat 29",Jawahar Road,Opposite Bank,Lal Bangla,Firozabad,Uttar Pradesh,283203
"430, Bungalow 18",Mahatma Gandhi Road,Opposite Shopping Complex,Cantt Area,Moradabad,Uttar Pradesh,244001
"266, Apt. 6",Tilak Road,Near Metro Station,Lal Bangla,Etawah,Uttar Pradesh,206001
"467, House 9",Mall Road,Behind Post Office,Vikas Nagar,Ghaziabad,Uttar Pradesh,201001
"461, Flat 26",Station Road,Near District Court,Mahanagar,Bareilly,Uttar Pradesh,243001
"360, Flat 17",Tilak Road,Near Main Market,Sikandra,Aligarh,Uttar Pradesh,202001
"3, House 3",Ramghat Road,Close to Bus Stand,Alambagh,Noida,Uttar Pradesh,201301
"58, Villa 5",University Road,Opposite City Mall,Aminabad,Mau,Uttar Pradesh,275101
"322, Apt. 4",Station Road,Near Stadium,Hazratganj,Etawah,Uttar Pradesh,206001
"313, Apt. 29",Sardar Patel Road,Near Stadium,Mahanagar,Shahjahanpur,Uttar Pradesh,242001
"409, Flat 2",Mahatma Gandhi Road,Adjacent to Police Station,Kidwai Nagar,Faizabad,Uttar Pradesh,224001
"125, Bungalow 20",Subhash Chauraha,Close to Airport,Vikas Nagar,Agra,Uttar Pradesh,282001
"118, Bungalow 26",Nehru Road,Adjacent to Police Station,Rambagh,Mau,Uttar Pradesh,275101
"241, Villa 16",Nehru Road,Adjacent to Police Station,Mahanagar,Prayagraj,Uttar Pradesh,211001
"52, Bungalow 3",Shivaji Marg,Next to Central Park,Shyam Nagar,Farrukhabad,Uttar Pradesh,209625
"344, Cottage 23",Ravindrapuri Road,Next to Temple,Vikas Nagar,Shahjahanpur,Uttar Pradesh,242001
"456, Cottage 16",Mall Road,Close to Bus Stand,Keshav Nagar,Mainpuri,Uttar Pradesh,205001
"264, Villa 25",Nehru Road,Next to Temple,Kidwai Nagar,Mau,Uttar Pradesh,275101
"177, House 2",Shastri Marg,Next to Central Park,Nirala Nagar,Meerut,Uttar Pradesh,250001
"479, Flat 20",Ravindrapuri Road,Near District Court,Shyam Nagar,Saharanpur,Uttar Pradesh,247001
"16, House 16",Vikas Marg,Next to Central Park,Lal Bangla,Rampur,Uttar Pradesh,244901
"470, Bungalow 30",Ramghat Road,Near Metro Station,Mahanagar,Mau,Uttar Pradesh,275101
"240, Flat 10",Shastri Marg,Close to Airport,Tajganj,Firozabad,Uttar Pradesh,283203
"85, House 9",Lal Bahadur Shastri Road,Opposite Hospital,Kakadeo,Mainpuri,Uttar Pradesh,205001
"291, Bungalow 3",Lal Bahadur Shastri Road,Close to Airport,Gomti Nagar,Etah,Uttar Pradesh,207001
"379, Apt. 23",Ramghat Road,Near Industrial Area,Aminabad,Sitapur,Uttar Pradesh,261001
"129, House 20",Jawahar Road,Near Railway Station,Aashiana,Bareilly,Uttar Pradesh,243001
"88, Villa 30",Tilak Road,Near Stadium,Gomti Nagar,Agra,Uttar Pradesh,282001
"274, Villa 17",Ashok Marg,Near Railway Station,Alambagh,Lucknow,Uttar Pradesh,226001
"286, Villa 7",Ambedkar Road,Behind Post Office,Shahganj,Aligarh,Uttar Pradesh,202001
"295, Cottage 26",Vivekananda Path,Next to Central Park,Jankipuram,Varanasi,Uttar Pradesh,221001
"120, Bungalow 29",Ambedkar Road,Near Railway Station,Vijay Nagar,Muzaffarnagar,Uttar Pradesh,251001
"80, Flat 21",Ravindrapuri Road,Next to Community Center,Jankipuram,Unnao,Uttar Pradesh,209801
"489, House 10",Vivekananda Path,Next to Community Center,Alambagh,Sitapur,Uttar Pradesh,261001
"394, Flat 12",Vivekananda Path,Near Stadium,Cantt Area,Prayagraj,Uttar Pradesh,211001
"86, Villa 13",Shivaji Marg,Near Industrial Area,Kavi Nagar,Lucknow,Uttar Pradesh,226001
"22, House 23",Vikas Marg,Near Stadium,Kakadeo,Etawah,Uttar Pradesh,206001
"4, Apt. 24",University Road,Adjacent to Police Station,Saket Nagar,Etah,Uttar Pradesh,207001
"164, Bungalow 18",Mall Road,Adjacent to Fire Station,Nirala Nagar,Farrukhabad,Uttar Pradesh,209625
"286, Villa 3",Shastri Marg,Near Metro Station,Keshav Nagar,Noida,Uttar Pradesh,201301
"458, Villa 5",Rajendra Nagar Road,Next to Temple,Kavi Nagar,Lucknow,Uttar Pradesh,226001
"122, Flat 8",Vikas Marg,Adjacent to Police Station,Indira Nagar,Bareilly,Uttar Pradesh,243001
"296, House 25",Lal Bahadur Shastri Road,Near Metro Station,Mahanagar,Firozabad,Uttar Pradesh,283203
"491, Apt. 25",Nehru Marg,Next to Temple,Mahanagar,Ghaziabad,Uttar Pradesh,201001
"8, House 6",Lal Bahadur Shastri Road,Close to Airport,GT Road,Mathura,Uttar Pradesh,281001
"452, Bungalow 16",Rajendra Nagar Road,Close to Bus Stand,Sikandra,Bareilly,Uttar Pradesh,243001
"260, Villa 10",Lal Bahadur Shastri Road,Next to Temple,Chowk,Agra,Uttar Pradesh,282001
"4, Apt. 9",Shivaji Marg,Opposite City Mall,Gomti Nagar,Ghaziabad,Uttar Pradesh,201001
"55, House 1",Rajendra Nagar Road,Close to Airport,Shyam Nagar,Prayagraj,Uttar Pradesh,211001
"416, Apt. 5",Vikas Marg,Behind Govt. School,Cantt Area,Meerut,Uttar Pradesh,250001
"451, Cottage 12",Sardar Patel Road,Close to Airport,Keshav Nagar,Jhansi,Uttar Pradesh,284001
"294, House 25",Mall Road,Behind Post Office,Sarvodaya Nagar,Gorakhpur,Uttar Pradesh,273001
"306, Apt. 7",Vikas Marg,Near Stadium,Shyam Nagar,Mau,Uttar Pradesh,275101
"77, Villa 22",Vikas Marg,Opposite Shopping Complex,Shyam Nagar,Faizabad,Uttar Pradesh,224001
"12, Villa 7",Station Road,Opposite Shopping Complex,Kamla Nagar,Sitapur,Uttar Pradesh,261001
"55, Villa 13",Tilak Road,Opposite Shopping Complex,Charbagh,Mathura,Uttar Pradesh,281001
"181, Bungalow 13",Mahatma Gandhi Road,Opposite Shopping Complex,Kidwai Nagar,Shahjahanpur,Uttar Pradesh,242001
"412, Bungalow 24",Rajendra Nagar Road,Near Metro Station,Shyam Nagar,Bijnor,Uttar Pradesh,246701
"342, Villa 22",Ashok Marg,Near Stadium,Swaroop Nagar,Rampur,Uttar Pradesh,244901
"19, Flat 29",Ramghat Road,Near Industrial Area,Rambagh,Ayodhya,Uttar Pradesh,224123
"317, House 30",Rajpath,Near University,Chowk,Mathura,Uttar Pradesh,281001
"231, Flat 20",University Road,Next to Central Park,Model Town,Agra,Uttar Pradesh,282001
"41, House 1",Tilak Road,Next to Community Center,Vikas Nagar,Unnao,Uttar Pradesh,209801
"415, Cottage 24",University Road,Next to Central Park,Shastri Nagar,Bareilly,Uttar Pradesh,243001
"86, Flat 20",Patel Marg,Opposite Hospital,Mahanagar,Rampur,Uttar Pradesh,244901
"431, Bungalow 26",Ashok Marg,Next to Central Park,Jankipuram,Lucknow,Uttar Pradesh,226001
"387, Apt. 30",Mall Road,Behind Post Office,Chinhat,Etawah,Uttar Pradesh,206001
"186, Flat 5",Rajpath,Close to Airport,Kavi Nagar,Bijnor,Uttar Pradesh,246701
"451, House 19",Nehru Marg,Near Railway Station,Saket Nagar,Jhansi,Uttar Pradesh,284001
"394, House 15",Ramghat Road,Opposite Bank,Nirala Nagar,Sitapur,Uttar Pradesh,261001
"500, Bungalow 17",Shivaji Marg,Next to Central Park,Kakadeo,Varanasi,Uttar Pradesh,221001
"124, Apt. 17",Sardar Patel Road,Adjacent to Police Station,Aashiana,Farrukhabad,Uttar Pradesh,209625
"168, Cottage 5",Rajpath,Behind Post Office,Mahanagar,Aligarh,Uttar Pradesh,202001
"358, Bungalow 6",Lal Bahadur Shastri Road,Opposite Hospital,Ashiyana,Jhansi,Uttar Pradesh,284001
"222, Cottage 16",Shastri Marg,Near Main Market,Hazratganj,Aligarh,Uttar Pradesh,202001
"8, Flat 27",Station Road,Next to Central Park,Sikandra,Agra,Uttar Pradesh,282001
"204, House 11",Sardar Patel Road,Near Stadium,Swaroop Nagar,Kanpur,Uttar Pradesh,208001
"9, Villa 26",Rajpath,Near Metro Station,GT Road,Etawah,Uttar Pradesh,206001
"96, House 26",Vivekananda Path,Close to Airport,Shahganj,Hapur,Uttar Pradesh,245101
"5, Bungalow 23",Ramghat Road,Adjacent to Fire Station,Kakadeo,Basti,Uttar Pradesh,272001
"458, House 20",Station Road,Adjacent to Police Station,Shyam Nagar,Hapur,Uttar Pradesh,245101
"4, Villa 16",Jawahar Road,Near District Court,Shyam Nagar,Jhansi,Uttar Pradesh,284001
"395, Flat 28",Tagore Road,Near Railway Station,Nirala Nagar,Rampur,Uttar Pradesh,244901
"133, Villa 16",Gandhi Chowk,Close to Airport,Gomti Nagar,Mainpuri,Uttar Pradesh,205001
"427, Flat 24",Lal Bahadur Shastri Road,Adjacent to Police Station,Kidwai Nagar,Etah,Uttar Pradesh,207001
"38, Villa 28",Subhash Chauraha,Near District Court,Mahanagar,Ghaziabad,Uttar Pradesh,201001
"177, House 27",University Road,Close to Airport,Sigra,Meerut,Uttar Pradesh,250001
"36, Bungalow 16",Vivekananda Path,Next to Central Park,Keshav Nagar,Rampur,Uttar Pradesh,244901
"165, Villa 11",Shastri Marg,Close to Bus Stand,Sarvodaya Nagar,Muzaffarnagar,Uttar Pradesh,251001
"422, Villa 4",Ambedkar Road,Opposite Bank,Sigra,Moradabad,Uttar Pradesh,244001
"471, Cottage 1",Shivaji Marg,Close to Bus Stand,Vijay Nagar,Muzaffarnagar,Uttar Pradesh,251001
"207, Flat 30",Rajpath,Close to Airport,Kamla Nagar,Mau,Uttar Pradesh,275101
"406, Flat 5",Vikas Marg,Near Railway Station,Indira Nagar,Meerut,Uttar Pradesh,250001
"171, Apt. 1",Vikas Marg,Near University,Hazratganj,Faizabad,Uttar Pradesh,224001
"187, House 15",Shivaji Marg,Near Industrial Area,Cantt Area,Faizabad,Uttar Pradesh,224001
"90, Flat 25",Tagore Road,Opposite Bank,Nirala Nagar,Jhansi,Uttar Pradesh,284001
"277, Bungalow 13",Shivaji Marg,Next to Community Center,Ashiyana,Mau,Uttar Pradesh,275101
"96, Cottage 1",Lal Bahadur Shastri Road,Opposite City Mall,Swaroop Nagar,Muzaffarnagar,Uttar Pradesh,251001
"227, Villa 19",Ramghat Road,Next to Temple,Rambagh,Etawah,Uttar Pradesh,206001
"41, House 1",Subhash Chauraha,Next to Central Park,Jankipuram,Bijnor,Uttar Pradesh,246701
"344, Flat 3",Sardar Patel Road,Opposite City Mall,Mahanagar,Moradabad,Uttar Pradesh,244001
"406, House 5",Ashok Marg,Opposite Hospital,Aliganj,Etawah,Uttar Pradesh,206001
"499, Flat 10",Ashok Marg,Near Main Market,Kalyanpur,Farrukhabad,Uttar Pradesh,209625
"274, Flat 10",Gandhi Chowk,Close to Bus Stand,Cantt Area,Gorakhpur,Uttar Pradesh,273001
"348, Bungalow 12",Jawahar Road,Opposite City Mall,Kalyanpur,Moradabad,Uttar Pradesh,244001
"485, Apt. 22",Mall Road,Next to Community Center,Jankipuram,Shahjahanpur,Uttar Pradesh,242001
"108, Apt. 10",Nehru Road,Opposite Shopping Complex,Vijay Nagar,Aligarh,Uttar Pradesh,202001
"350, Cottage 30",Nehru Marg,Next to Central Park,Raj Nagar,Mathura,Uttar Pradesh,281001
"230, Apt. 21",Gandhi Chowk,Next to Community Center,Lal Bangla,Ghaziabad,Uttar Pradesh,201001
"470, House 29",Mahatma Gandhi Road,Near Main Market,Aliganj,Firozabad,Uttar Pradesh,283203
"453, Flat 11",Patel Marg,Behind Govt. School,Rambagh,Lucknow,Uttar Pradesh,226001
"256, Bungalow 29",Nehru Marg,Next to Temple,Nirala Nagar,Agra,Uttar Pradesh,282001
"469, Bungalow 5",Lal Bahadur Shastri Road,Opposite Bank,Vikas Nagar,Meerut,Uttar Pradesh,250001
"84, House 29",Sardar Patel Road,Next to Temple,Chowk,Firozabad,Uttar Pradesh,283203
"465, Apt. 4",Lal Bahadur Shastri Road,Next to Community Center,Shahganj,Aligarh,Uttar Pradesh,202001
"497, Villa 27",Nehru Road,Behind Govt. School,Aliganj,Noida,Uttar Pradesh,201301
"239, Bungalow 20",Mall Road,Next to Central Park,Kavi Nagar,Mathura,Uttar Pradesh,281001
"175, Bungalow 10",Rajpath,Near Metro Station,GT Road,Agra,Uttar Pradesh,282001
"359, Villa 26",Rajendra Nagar Road,Opposite Bank,Vijay Nagar,Ayodhya,Uttar Pradesh,224123
"451, Apt. 19",Sardar Patel Road,Opposite City Mall,Shastri Nagar,Hapur,Uttar Pradesh,245101
"135, Bungalow 18",Sardar Patel Road,Near Industrial Area,Alambagh,Noida,Uttar Pradesh,201301
"165, Apt. 17",Ravindrapuri Road,Near Railway Station,Charbagh,Deoria,Uttar Pradesh,274001
"21, Cottage 6",Rajpath,Behind Post Office,Sikandra,Sitapur,Uttar Pradesh,261001
"466, Apt. 22",Ambedkar Road,Next to Community Center,Keshav Nagar,Faizabad,Uttar Pradesh,224001
"51, Bungalow 25",Station Road,Near University,Hazratganj,Basti,Uttar Pradesh,272001
"182, Villa 3",Gandhi Chowk,Next to Temple,Jankipuram,Rampur,Uttar Pradesh,244901
"135, Cottage 26",Ashok Marg,Behind Govt. School,Aliganj,Hapur,Uttar Pradesh,245101
"250, Bungalow 2",Lal Bahadur Shastri Road,Near Railway Station,Hazratganj,Basti,Uttar Pradesh,272001
"109, Bungalow 18",Ashok Marg,Opposite Hospital,Swaroop Nagar,Meerut,Uttar Pradesh,250001
"313, Villa 17",Vikas Marg,Adjacent to Police Station,Shahganj,Ayodhya,Uttar Pradesh,224123
"273, Apt. 1",Rajpath,Next to Community Center,Nirala Nagar,Prayagraj,Uttar Pradesh,211001
"138, Bungalow 30",Mahatma Gandhi Road,Close to Airport,Rambagh,Kanpur,Uttar Pradesh,208001
"288, House 3",Ashok Marg,Adjacent to Police Station,Aminabad,Saharanpur,Uttar Pradesh,247001
"148, House 9",Station Road,Adjacent to Fire Station,Saket Nagar,Etawah,Uttar Pradesh,206001
"394, Apt. 26",Ramghat Road,Adjacent to Police Station,Shyam Nagar,Deoria,Uttar Pradesh,274001
"305, Cottage 15",Nehru Road,Near Metro Station,Shahganj,Bijnor,Uttar Pradesh,246701
"352, House 25",Ambedkar Road,Next to Central Park,Saket Nagar,Jhansi,Uttar Pradesh,284001
"325, Bungalow 13",Subhash Chauraha,Near University,Model Town,Hapur,Uttar Pradesh,245101
"228, Apt. 17",Patel Marg,Opposite Shopping Complex,Raj Nagar,Unnao,Uttar Pradesh,209801
"301, House 12",Patel Marg,Opposite City Mall,Shahganj,Hapur,Uttar Pradesh,245101
"46, Bungalow 14",Gandhi Chowk,Near University,Civil Lines,Firozabad,Uttar Pradesh,283203
"215, Apt. 5",Shivaji Marg,Behind Govt. School,Shastri Nagar,Rampur,Uttar Pradesh,244901
"272, Villa 29",Shastri Marg,Close to Bus Stand,Gomti Nagar,Saharanpur,Uttar Pradesh,247001
"198, Bungalow 14",University Road,Near University,GT Road,Mau,Uttar Pradesh,275101
"345, Flat 1",Jawahar Road,Near Stadium,Kidwai Nagar,Ayodhya,Uttar Pradesh,224123
"282, House 18",Gandhi Chowk,Next to Community Center,Kavi Nagar,Bareilly,Uttar Pradesh,243001
"319, House 18",Rajpath,Near Railway Station,Nehru Nagar,Unnao,Uttar Pradesh,209801
"238, Cottage 13",Ramghat Road,Near Stadium,Nehru Nagar,Deoria,Uttar Pradesh,274001
"319, Flat 14",Lal Bahadur Shastri Road,Next to Central Park,Raj Nagar,Gorakhpur,Uttar Pradesh,273001
"461, House 8",Lal Bahadur Shastri Road,Adjacent to Police Station,Kalyanpur,Kanpur,Uttar Pradesh,208001
"208, House 27",Patel Marg,Near University,Indira Nagar,Kanpur,Uttar Pradesh,208001
"218, Flat 21",Ravindrapuri Road,Next to Temple,Kamla Nagar,Meerut,Uttar Pradesh,250001
"248, Cottage 17",Ramghat Road,Close to Airport,Model Town,Ghaziabad,Uttar Pradesh,201001
"331, House 16",Shastri Marg,Close to Bus Stand,Aashiana,Faizabad,Uttar Pradesh,224001
"325, Bungalow 23",Shivaji Marg,Close to Bus Stand,Aashiana,Bijnor,Uttar Pradesh,246701
"100, Bungalow 9",Ravindrapuri Road,Near District Court,Alambagh,Basti,Uttar Pradesh,272001
"43, Flat 2",Gandhi Chowk,Near University,Jankipuram,Sitapur,Uttar Pradesh,261001
"413, Villa 15",Rajpath,Near Stadium,Alambagh,Aligarh,Uttar Pradesh,202001
"187, Apt. 12",Jawahar Road,Next to Central Park,Keshav Nagar,Agra,Uttar Pradesh,282001
"394, Villa 7",Ravindrapuri Road,Near Main Market,Kalyanpur,Farrukhabad,Uttar Pradesh,209625
"107, Flat 21",Lal Bahadur Shastri Road,Near Stadium,Sigra,Unnao,Uttar Pradesh,209801
"385, Apt. 3",Tagore Road,Next to Temple,Chowk,Agra,Uttar Pradesh,282001
"74, House 26",Vikas Marg,Opposite Bank,Alambagh,Basti,Uttar Pradesh,272001
"64, Flat 9",Shastri Marg,Near Main Market,Cantt Area,Rampur,Uttar Pradesh,244901
"258, Flat 4",Station Road,Next to Central Park,Charbagh,Faizabad,Uttar Pradesh,224001
"191, Bungalow 25",Ramghat Road,Close to Bus Stand,Mahanagar,Shahjahanpur,Uttar Pradesh,242001
"427, House 30",Shivaji Marg,Opposite City Mall,Kakadeo,Moradabad,Uttar Pradesh,244001
"451, Villa 26",Gandhi Chowk,Near Main Market,GT Road,Rampur,Uttar Pradesh,244901
"88, Bungalow 28",Tagore Road,Near Stadium,Aashiana,Prayagraj,Uttar Pradesh,211001
"96, House 9",Ravindrapuri Road,Adjacent to Police Station,Kidwai Nagar,Etah,Uttar Pradesh,207001
"84, Bungalow 22",Tilak Road,Opposite Bank,Charbagh,Mau,Uttar Pradesh,275101
"47, Cottage 7",Rajpath,Next to Community Center,Chowk,Meerut,Uttar Pradesh,250001
"40, House 19",Vikas Marg,Close to Airport,Aliganj,Prayagraj,Uttar Pradesh,211001
"439, Flat 4",Shastri Marg,Opposite Hospital,Chinhat,Mathura,Uttar Pradesh,281001
"215, Flat 2",Ashok Marg,Near District Court,Keshav Nagar,Mau,Uttar Pradesh,275101
"407, Flat 6",Ashok Marg,Near University,GT Road,Lucknow,Uttar Pradesh,226001
"123, Villa 9",Mall Road,Adjacent to Police Station,Vikas Nagar,Ayodhya,Uttar Pradesh,224123
"321, House 5",Vikas Marg,Near Railway Station,GT Road,Varanasi,Uttar Pradesh,221001
"278, Villa 22",Vivekananda Path,Next to Temple,Kalyanpur,Gorakhpur,Uttar Pradesh,273001
"393, Cottage 4",Patel Marg,Adjacent to Fire Station,Hazratganj,Etah,Uttar Pradesh,207001
"403, Villa 23",Rajpath,Near Industrial Area,GT Road,Hapur,Uttar Pradesh,245101
"246, Villa 12",Vikas Marg,Behind Govt. School,Model Town,Jhansi,Uttar Pradesh,284001
"195, Villa 29",Rajendra Nagar Road,Behind Govt. School,Model Town,Aligarh,Uttar Pradesh,202001
"138, Apt. 25",Rajpath,Close to Airport,Mahanagar,Shahjahanpur,Uttar Pradesh,242001
"223, Cottage 26",Jawahar Road,Near Stadium,Keshav Nagar,Kanpur,Uttar Pradesh,208001
"21, Flat 21",Nehru Road,Near Stadium,Rambagh,Etawah,Uttar Pradesh,206001
"28, Villa 30",Mahatma Gandhi Road,Near District Court,Lal Bangla,Meerut,Uttar Pradesh,250001
"226, Bungalow 5",Station Road,Adjacent to Fire Station,Hazratganj,Rampur,Uttar Pradesh,244901
"294, Apt. 17",Ambedkar Road,Next to Temple,Shahganj,Etah,Uttar Pradesh,207001
"456, Cottage 26",Station Road,Behind Govt. School,Aliganj,Varanasi,Uttar Pradesh,221001
"415, Villa 19",Nehru Marg,Behind Post Office,Charbagh,Kanpur,Uttar Pradesh,208001
"133, House 17",Nehru Marg,Near University,Chinhat,Muzaffarnagar,Uttar Pradesh,251001
"97, Villa 9",Gandhi Chowk,Behind Post Office,Kakadeo,Unnao,Uttar Pradesh,209801
"200, Flat 13",Nehru Road,Near District Court,Tajganj,Sitapur,Uttar Pradesh,261001
"64, Bungalow 6",Tilak Road,Opposite Hospital,Nehru Nagar,Moradabad,Uttar Pradesh,244001
"195, House 1",Ambedkar Road,Next to Community Center,Swaroop Nagar,Bijnor,Uttar Pradesh,246701
"30, Villa 16",University Road,Next to Temple,Shastri Nagar,Faizabad,Uttar Pradesh,224001
"158, Cottage 30",Station Road,Next to Community Center,Raj Nagar,Bareilly,Uttar Pradesh,243001
"293, Flat 4",Lal Bahadur Shastri Road,Adjacent to Fire Station,Shyam Nagar,Muzaffarnagar,Uttar Pradesh,251001
"354, Cottage 28",Mahatma Gandhi Road,Opposite Shopping Complex,Kakadeo,Mathura,Uttar Pradesh,281001
"304, Bungalow 9",Mahatma Gandhi Road,Next to Central Park,Civil Lines,Prayagraj,Uttar Pradesh,211001
"119, Flat 18",Tagore Road,Next to Central Park,Tajganj,Noida,Uttar Pradesh,201301
"274, Cottage 20",Subhash Chauraha,Next to Temple,GT Road,Firozabad,Uttar Pradesh,283203
"65, House 5",Mall Road,Near Railway Station,Lal Bangla,Deoria,Uttar Pradesh,274001
"483, Cottage 23",Vivekananda Path,Near University,Sigra,Mau,Uttar Pradesh,275101
"139, Cottage 7",Nehru Marg,Next to Temple,Mahanagar,Bareilly,Uttar Pradesh,243001
"116, Bungalow 1",Nehru Road,Near Main Market,Kakadeo,Mau,Uttar Pradesh,275101
"124, Apt. 17",Tagore Road,Next to Community Center,Lal Bangla,Hapur,Uttar Pradesh,245101
"40, Bungalow 20",Subhash Chauraha,Opposite Bank,Chowk,Farrukhabad,Uttar Pradesh,209625
"400, Apt. 5",Vivekananda Path,Next to Community Center,Mahanagar,Ayodhya,Uttar Pradesh,224123
"245, House 24",Patel Marg,Opposite Shopping Complex,Aminabad,Ayodhya,Uttar Pradesh,224123
"64, House 24",Tilak Road,Next to Temple,Kalyanpur,Aligarh,Uttar Pradesh,202001
"431, Bungalow 21",Nehru Marg,Next to Temple,Sigra,Ghaziabad,Uttar Pradesh,201001
"271, Villa 26",University Road,Behind Post Office,Gomti Nagar,Ghaziabad,Uttar Pradesh,201001
"225, Flat 15",Station Road,Near Metro Station,Kalyanpur,Bijnor,Uttar Pradesh,246701
"366, Apt. 7",Subhash Chauraha,Near Main Market,Shahganj,Kanpur,Uttar Pradesh,208001
"266, Cottage 27",Rajendra Nagar Road,Close to Airport,Jankipuram,Muzaffarnagar,Uttar Pradesh,251001
"66, Villa 10",Station Road,Next to Central Park,Raj Nagar,Ghaziabad,Uttar Pradesh,201001
"207, Villa 7",Sardar Patel Road,Adjacent to Police Station,Kamla Nagar,Mainpuri,Uttar Pradesh,205001
"433, Flat 25",Rajendra Nagar Road,Near Industrial Area,Sikandra,Meerut,Uttar Pradesh,250001
"462, Flat 23",Subhash Chauraha,Behind Govt. School,Civil Lines,Rampur,Uttar Pradesh,244901
"302, Villa 4",Mall Road,Close to Airport,Vijay Nagar,Saharanpur,Uttar Pradesh,247001
"398, Cottage 5",Mall Road,Opposite Hospital,Kavi Nagar,Bareilly,Uttar Pradesh,243001
"228, House 2",Tilak Road,Opposite Shopping Complex,Kamla Nagar,Meerut,Uttar Pradesh,250001
"392, Bungalow 26",Nehru Road,Opposite Hospital,Keshav Nagar,Deoria,Uttar Pradesh,274001
"271, Flat 8",Jawahar Road,Near District Court,Shastri Nagar,Meerut,Uttar Pradesh,250001
"396, House 25",Mahatma Gandhi Road,Next to Temple,Kalyanpur,Etawah,Uttar Pradesh,206001
"200, Bungalow 14",Mall Road,Opposite City Mall,Sikandra,Mathura,Uttar Pradesh,281001
"274, Bungalow 11",Mall Road,Near Stadium,Kidwai Nagar,Agra,Uttar Pradesh,282001
"237, Cottage 14",Station Road,Opposite Bank,Chinhat,Deoria,Uttar Pradesh,274001
"371, Villa 8",Nehru Marg,Behind Post Office,Sigra,Firozabad,Uttar Pradesh,283203
"14, Apt. 21",Shivaji Marg,Next to Community Center,Kamla Nagar,Ayodhya,Uttar Pradesh,224123
"472, Cottage 22",Station Road,Adjacent to Fire Station,Kalyanpur,Ayodhya,Uttar Pradesh,224123
"9, Flat 9",Ramghat Road,Opposite Hospital,Sikandra,Farrukhabad,Uttar Pradesh,209625
"186, Cottage 10",Tilak Road,Next to Community Center,Ashiyana,Faizabad,Uttar Pradesh,224001
"264, Cottage 30",Ashok Marg,Near Main Market,Saket Nagar,Ghaziabad,Uttar Pradesh,201001
"237, Flat 8",Ashok Marg,Next to Central Park,Swaroop Nagar,Jhansi,Uttar Pradesh,284001
"85, Bungalow 15",Gandhi Chowk,Next to Temple,Model Town,Gorakhpur,Uttar Pradesh,273001
"94, Villa 15",Ashok Marg,Next to Temple,Chinhat,Etah,Uttar Pradesh,207001
"115, Apt. 18",Rajpath,Near Main Market,Saket Nagar,Gorakhpur,Uttar Pradesh,273001
"372, House 28",Shastri Marg,Near Main Market,Nirala Nagar,Unnao,Uttar Pradesh,209801
"176, Flat 10",Tilak Road,Behind Govt. School,Sigra,Jhansi,Uttar Pradesh,284001
"273, Flat 25",Patel Marg,Near Railway Station,Aashiana,Meerut,Uttar Pradesh,250001
"270, Villa 16",Patel Marg,Next to Community Center,Kavi Nagar,Mainpuri,Uttar Pradesh,205001
"161, Apt. 20",University Road,Near Main Market,Aliganj,Bijnor,Uttar Pradesh,246701
"63, Flat 8",Ravindrapuri Road,Near Railway Station,Saket Nagar,Faizabad,Uttar Pradesh,224001
"284, Cottage 17",Tilak Road,Near Railway Station,Aliganj,Etawah,Uttar Pradesh,206001
"442, Bungalow 14",Ashok Marg,Opposite Shopping Complex,Hazratganj,Aligarh,Uttar Pradesh,202001
"428, Bungalow 1",Rajendra Nagar Road,Near Railway Station,Vikas Nagar,Noida,Uttar Pradesh,201301
"234, Flat 25",University Road,Near Railway Station,Sigra,Rampur,Uttar Pradesh,244901
"177, Cottage 9",Jawahar Road,Next to Central Park,Chinhat,Bareilly,Uttar Pradesh,243001
"437, Villa 21",Subhash Chauraha,Near Stadium,Alambagh,Kanpur,Uttar Pradesh,208001
"464, House 27",Lal Bahadur Shastri Road,Opposite Shopping Complex,Aliganj,Bareilly,Uttar Pradesh,243001
"170, Cottage 11",Rajpath,Next to Community Center,Cantt Area,Gorakhpur,Uttar Pradesh,273001
"271, Villa 22",Station Road,Opposite Shopping Complex,Gomti Nagar,Bareilly,Uttar Pradesh,243001
"57, Apt. 21",Vivekananda Path,Near Railway Station,Shyam Nagar,Deoria,Uttar Pradesh,274001
"57, House 2",Mahatma Gandhi Road,Adjacent to Police Station,Shyam Nagar,Noida,Uttar Pradesh,201301
"327, Apt. 26",Vivekananda Path,Opposite Hospital,Chowk,Etawah,Uttar Pradesh,206001
"120, Cottage 14",Tagore Road,Near Stadium,Model Town,Mainpuri,Uttar Pradesh,205001
"432, House 13",Mahatma Gandhi Road,Behind Post Office,Alambagh,Jhansi,Uttar Pradesh,284001
"144, Cottage 30",Station Road,Near District Court,Mahanagar,Mainpuri,Uttar Pradesh,205001
"361, Bungalow 16",Tagore Road,Next to Temple,Tajganj,Basti,Uttar Pradesh,272001
"10, House 22",Mahatma Gandhi Road,Close to Airport,Rambagh,Ghaziabad,Uttar Pradesh,201001
"442, Apt. 15",Shastri Marg,Adjacent to Fire Station,Mahanagar,Mathura,Uttar Pradesh,281001
"19, Bungalow 26",Mall Road,Adjacent to Fire Station,Sikandra,Kanpur,Uttar Pradesh,208001
"426, Villa 22",Sardar Patel Road,Near Railway Station,Mahanagar,Aligarh,Uttar Pradesh,202001
"411, House 5",Sardar Patel Road,Adjacent to Police Station,Keshav Nagar,Ayodhya,Uttar Pradesh,224123
"376, House 1",Tilak Road,Near Metro Station,Kavi Nagar,Bijnor,Uttar Pradesh,246701
"337, Apt. 24",Ramghat Road,Near Stadium,Shastri Nagar,Jhansi,Uttar Pradesh,284001
"288, Bungalow 19",Ravindrapuri Road,Near Metro Station,Chinhat,Varanasi,Uttar Pradesh,221001
"34, Flat 22",Shivaji Marg,Near University,Sarvodaya Nagar,Bareilly,Uttar Pradesh,243001
"460, Cottage 30",Mall Road,Next to Temple,Keshav Nagar,Bareilly,Uttar Pradesh,243001
"422, Flat 26",Shastri Marg,Near University,GT Road,Meerut,Uttar Pradesh,250001
"251, Apt. 24",Vikas Marg,Close to Airport,Shyam Nagar,Lucknow,Uttar Pradesh,226001
"218, Apt. 30",Ambedkar Road,Next to Central Park,Model Town,Rampur,Uttar Pradesh,244901
"361, Bungalow 13",Tagore Road,Behind Post Office,Cantt Area,Muzaffarnagar,Uttar Pradesh,251001
"234, Cottage 16",Mall Road,Near Metro Station,Kalyanpur,Bijnor,Uttar Pradesh,246701
"458, Bungalow 24",Ambedkar Road,Next to Central Park,Gomti Nagar,Ayodhya,Uttar Pradesh,224123
"302, Cottage 9",Patel Marg,Opposite Hospital,Model Town,Lucknow,Uttar Pradesh,226001
"388, Cottage 18",Ashok Marg,Next to Community Center,Saket Nagar,Deoria,Uttar Pradesh,274001
"179, Flat 19",Tilak Road,Opposite Shopping Complex,Kakadeo,Aligarh,Uttar Pradesh,202001
"400, Flat 4",Jawahar Road,Opposite Hospital,Indira Nagar,Lucknow,Uttar Pradesh,226001
"41, Bungalow 21",Sardar Patel Road,Opposite Bank,Lal Bangla,Noida,Uttar Pradesh,201301
"339, Cottage 3",Patel Marg,Close to Airport,Nehru Nagar,Muzaffarnagar,Uttar Pradesh,251001
"329, Villa 25",Tagore Road,Opposite City Mall,Shahganj,Saharanpur,Uttar Pradesh,247001
"198, Flat 8",Vivekananda Path,Near Railway Station,Aashiana,Agra,Uttar Pradesh,282001
"476, House 1",Patel Marg,Near District Court,Cantt Area,Bijnor,Uttar Pradesh,246701
"242, Apt. 24",Ramghat Road,Next to Temple,Model Town,Faizabad,Uttar Pradesh,224001
"89, Villa 10",Vikas Marg,Behind Govt. School,Gomti Nagar,Farrukhabad,Uttar Pradesh,209625
"450, Flat 25",Nehru Road,Near Stadium,Shastri Nagar,Etawah,Uttar Pradesh,206001
"282, Villa 26",Vikas Marg,Next to Community Center,Mahanagar,Ayodhya,Uttar Pradesh,224123
"395, Apt. 16",Station Road,Opposite Shopping Complex,Keshav Nagar,Mau,Uttar Pradesh,275101
"301, Villa 30",Ashok Marg,Near Stadium,Vijay Nagar,Muzaffarnagar,Uttar Pradesh,251001
"203, Bungalow 14",Station Road,Next to Temple,Indira Nagar,Noida,Uttar Pradesh,201301
"249, Villa 14",Rajendra Nagar Road,Next to Temple,Alambagh,Deoria,Uttar Pradesh,274001
"64, Apt. 21",Rajendra Nagar Road,Close to Airport,Kalyanpur,Agra,Uttar Pradesh,282001
"101, Bungalow 19",Nehru Road,Near University,Charbagh,Mathura,Uttar Pradesh,281001
"312, House 24",Patel Marg,Near Industrial Area,Kidwai Nagar,Meerut,Uttar Pradesh,250001
"104, Villa 8",Nehru Road,Next to Community Center,Model Town,Aligarh,Uttar Pradesh,202001
"165, Bungalow 11",Gandhi Chowk,Opposite Bank,Mahanagar,Gorakhpur,Uttar Pradesh,273001
"280, Bungalow 5",Jawahar Road,Opposite City Mall,Kalyanpur,Rampur,Uttar Pradesh,244901
"182, Apt. 23",Ambedkar Road,Next to Community Center,Ashiyana,Varanasi,Uttar Pradesh,221001
"216, Flat 14",Nehru Marg,Close to Bus Stand,Kamla Nagar,Saharanpur,Uttar Pradesh,247001
"474, Flat 29",Vikas Marg,Next to Community Center,Kalyanpur,Kanpur,Uttar Pradesh,208001
"101, Cottage 28",Vivekananda Path,Opposite City Mall,Alambagh,Jhansi,Uttar Pradesh,284001
"152, Bungalow 8",Vikas Marg,Next to Community Center,Hazratganj,Meerut,Uttar Pradesh,250001
"139, Villa 30",Shastri Marg,Opposite Hospital,GT Road,Gorakhpur,Uttar Pradesh,273001
"346, Apt. 14",Tilak Road,Close to Airport,Kakadeo,Sitapur,Uttar Pradesh,261001
"126, Villa 25",Jawahar Road,Near Industrial Area,Gomti Nagar,Noida,Uttar Pradesh,201301
"360, Bungalow 28",Shivaji Marg,Next to Temple,Shyam Nagar,Mainpuri,Uttar Pradesh,205001
"363, Flat 25",Shastri Marg,Opposite Bank,Nirala Nagar,Bareilly,Uttar Pradesh,243001
"238, Bungalow 21",Nehru Marg,Opposite Hospital,Cantt Area,Shahjahanpur,Uttar Pradesh,242001
"271, Apt. 28",Nehru Marg,Near University,Kalyanpur,Mau,Uttar Pradesh,275101
"185, Flat 22",Tilak Road,Next to Temple,Ashiyana,Varanasi,Uttar Pradesh,221001
"33, Villa 23",Ashok Marg,Adjacent to Police Station,Shyam Nagar,Mainpuri,Uttar Pradesh,205001
"471, Apt. 18",Shivaji Marg,Near Main Market,Aliganj,Bareilly,Uttar Pradesh,243001
"198, Cottage 8",Ravindrapuri Road,Opposite Shopping Complex,Sigra,Gorakhpur,Uttar Pradesh,273001
"48, Flat 5",Ramghat Road,Adjacent to Fire Station,Kalyanpur,Prayagraj,Uttar Pradesh,211001
"475, Villa 22",Mall Road,Opposite Shopping Complex,Model Town,Saharanpur,Uttar Pradesh,247001
"104, Bungalow 24",Nehru Road,Behind Govt. School,Shyam Nagar,Noida,Uttar Pradesh,201301
"395, Bungalow 24",Nehru Marg,Opposite Hospital,Swaroop Nagar,Bijnor,Uttar Pradesh,246701
"479, Flat 28",Vivekananda Path,Adjacent to Police Station,Model Town,Meerut,Uttar Pradesh,250001
"67, Flat 14",Ramghat Road,Opposite Hospital,Kalyanpur,Basti,Uttar Pradesh,272001
"410, Flat 12",Nehru Road,Close to Airport,Saket Nagar,Bijnor,Uttar Pradesh,246701
"406, Apt. 30",Tilak Road,Opposite Bank,Shyam Nagar,Saharanpur,Uttar Pradesh,247001
"256, Villa 3",Ravindrapuri Road,Near University,Indira Nagar,Sitapur,Uttar Pradesh,261001
"435, Cottage 26",Mall Road,Near Stadium,Kidwai Nagar,Farrukhabad,Uttar Pradesh,209625
"278, Cottage 5",Ramghat Road,Close to Airport,Shyam Nagar,Prayagraj,Uttar Pradesh,211001
"350, Apt. 7",Subhash Chauraha,Near Industrial Area,Model Town,Basti,Uttar Pradesh,272001
"39, Apt. 1",Shastri Marg,Close to Airport,Civil Lines,Aligarh,Uttar Pradesh,202001
"107, Apt. 22",Tilak Road,Near Railway Station,Sikandra,Ayodhya,Uttar Pradesh,224123
"176, Apt. 6",Mahatma Gandhi Road,Next to Community Center,Civil Lines,Shahjahanpur,Uttar Pradesh,242001
"397, Flat 2",Station Road,Opposite Shopping Complex,Chowk,Etawah,Uttar Pradesh,206001
"357, Bungalow 29",Ramghat Road,Next to Central Park,Swaroop Nagar,Ayodhya,Uttar Pradesh,224123
"411, Apt. 15",Jawahar Road,Near University,Aminabad,Jhansi,Uttar Pradesh,284001
"9, Apt. 2",Gandhi Chowk,Opposite Hospital,Lal Bangla,Bijnor,Uttar Pradesh,246701
"208, Cottage 11",Jawahar Road,Opposite Shopping Complex,Shyam Nagar,Etawah,Uttar Pradesh,206001
"223, Apt. 18",Rajpath,Opposite Hospital,Mahanagar,Rampur,Uttar Pradesh,244901
"313, Cottage 29",Ramghat Road,Behind Post Office,Tajganj,Firozabad,Uttar Pradesh,283203
"260, House 28",Patel Marg,Close to Bus Stand,Swaroop Nagar,Sitapur,Uttar Pradesh,261001
"86, House 12",Nehru Marg,Next to Central Park,Hazratganj,Saharanpur,Uttar Pradesh,247001
"350, Cottage 9",Jawahar Road,Near Railway Station,Vikas Nagar,Deoria,Uttar Pradesh,274001
"379, House 14",Shastri Marg,Opposite Hospital,Kakadeo,Meerut,Uttar Pradesh,250001
"323, House 28",Rajpath,Close to Bus Stand,Kidwai Nagar,Faizabad,Uttar Pradesh,224001
"41, Villa 5",Ramghat Road,Next to Community Center,Vikas Nagar,Mathura,Uttar Pradesh,281001
"259, Apt. 28",Shivaji Marg,Near University,Kamla Nagar,Saharanpur,Uttar Pradesh,247001
"370, Cottage 17",Vikas Marg,Near Metro Station,Kidwai Nagar,Bijnor,Uttar Pradesh,246701
"227, Cottage 5",Tagore Road,Adjacent to Fire Station,Shyam Nagar,Saharanpur,Uttar Pradesh,247001
"47, Flat 6",Gandhi Chowk,Next to Central Park,Aminabad,Etawah,Uttar Pradesh,206001
"477, Bungalow 18",Rajendra Nagar Road,Next to Temple,Sikandra,Lucknow,Uttar Pradesh,226001
"240, Apt. 11",Vikas Marg,Next to Temple,Kavi Nagar,Deoria,Uttar Pradesh,274001
"227, Cottage 12",University Road,Near Metro Station,Alambagh,Hapur,Uttar Pradesh,245101
"432, Villa 9",Sardar Patel Road,Adjacent to Police Station,Charbagh,Mathura,Uttar Pradesh,281001
"195, Villa 2",Station Road,Opposite Bank,Shyam Nagar,Shahjahanpur,Uttar Pradesh,242001
"338, Flat 8",Rajendra Nagar Road,Next to Community Center,Vijay Nagar,Ayodhya,Uttar Pradesh,224123
"373, Cottage 8",Vikas Marg,Near University,Shahganj,Deoria,Uttar Pradesh,274001
"89, Cottage 29",Subhash Chauraha,Opposite Shopping Complex,Indira Nagar,Hapur,Uttar Pradesh,245101
"388, Apt. 4",Shivaji Marg,Near Main Market,Rambagh,Hapur,Uttar Pradesh,245101
"47, Apt. 21",University Road,Near District Court,Shastri Nagar,Mainpuri,Uttar Pradesh,205001
"191, Apt. 8",Subhash Chauraha,Opposite Hospital,Model Town,Bijnor,Uttar Pradesh,246701
"131, House 2",Ashok Marg,Adjacent to Police Station,Shyam Nagar,Kanpur,Uttar Pradesh,208001
"457, Flat 8",Lal Bahadur Shastri Road,Near Industrial Area,Cantt Area,Deoria,Uttar Pradesh,274001
"114, Bungalow 27",University Road,Near University,Kalyanpur,Hapur,Uttar Pradesh,245101
"88, Apt. 19",Tilak Road,Adjacent to Fire Station,Mahanagar,Ghaziabad,Uttar Pradesh,201001
"212, Apt. 9",Ravindrapuri Road,Near Stadium,Shahganj,Mathura,Uttar Pradesh,281001
"105, Villa 17",Lal Bahadur Shastri Road,Near Stadium,Aashiana,Farrukhabad,Uttar Pradesh,209625
"419, Cottage 29",Shivaji Marg,Near Industrial Area,Chowk,Ghaziabad,Uttar Pradesh,201001
"472, Cottage 9",Nehru Marg,Next to Central Park,Jankipuram,Ayodhya,Uttar Pradesh,224123
"79, Cottage 17",Tagore Road,Next to Central Park,Lal Bangla,Unnao,Uttar Pradesh,209801
"434, House 7",Ambedkar Road,Opposite Shopping Complex,Kalyanpur,Ayodhya,Uttar Pradesh,224123
"305, Bungalow 6",Ramghat Road,Near Railway Station,GT Road,Unnao,Uttar Pradesh,209801
"12, Bungalow 24",Tilak Road,Opposite Hospital,Sigra,Gorakhpur,Uttar Pradesh,273001
"54, Villa 29",Shastri Marg,Opposite Shopping Complex,Chowk,Moradabad,Uttar Pradesh,244001
"439, Villa 14",Ambedkar Road,Near District Court,Raj Nagar,Varanasi,Uttar Pradesh,221001
"230, Flat 24",Mahatma Gandhi Road,Next to Temple,Aminabad,Rampur,Uttar Pradesh,244901
"176, Bungalow 30",Ashok Marg,Adjacent to Police Station,Nirala Nagar,Rampur,Uttar Pradesh,244901
"35, House 1",Sardar Patel Road,Close to Airport,Model Town,Farrukhabad,Uttar Pradesh,209625
"95, Apt. 1",Lal Bahadur Shastri Road,Opposite Hospital,Vijay Nagar,Firozabad,Uttar Pradesh,283203
"404, Cottage 23",Nehru Road,Close to Airport,Jankipuram,Mau,Uttar Pradesh,275101
"159, Flat 9",Station Road,Opposite Shopping Complex,Indira Nagar,Faizabad,Uttar Pradesh,224001
"143, House 11",Shivaji Marg,Near Main Market,Kalyanpur,Prayagraj,Uttar Pradesh,211001
"282, Bungalow 19",Rajpath,Near Railway Station,Aminabad,Etah,Uttar Pradesh,207001
"429, Flat 28",Gandhi Chowk,Near Stadium,Alambagh,Saharanpur,Uttar Pradesh,247001
"311, Flat 7",Lal Bahadur Shastri Road,Near Main Market,Indira Nagar,Etah,Uttar Pradesh,207001
"353, House 6",University Road,Next to Community Center,Keshav Nagar,Varanasi,Uttar Pradesh,221001
"500, Apt. 13",Sardar Patel Road,Behind Post Office,Charbagh,Lucknow,Uttar Pradesh,226001
"51, Apt. 1",Nehru Road,Near Main Market,Swaroop Nagar,Noida,Uttar Pradesh,201301
"164, Villa 1",Rajendra Nagar Road,Behind Post Office,Kidwai Nagar,Bareilly,Uttar Pradesh,243001
"228, House 29",Rajendra Nagar Road,Next to Temple,Nirala Nagar,Bijnor,Uttar Pradesh,246701
"476, Cottage 8",Tagore Road,Close to Bus Stand,Shyam Nagar,Etah,Uttar Pradesh,207001
"179, House 30",Ambedkar Road,Opposite Shopping Complex,Kalyanpur,Kanpur,Uttar Pradesh,208001
"444, Villa 21",Rajpath,Near Railway Station,Nirala Nagar,Kanpur,Uttar Pradesh,208001
"415, House 19",Ramghat Road,Behind Govt. School,GT Road,Muzaffarnagar,Uttar Pradesh,251001
"342, House 19",Station Road,Opposite City Mall,Tajganj,Hapur,Uttar Pradesh,245101
"33, Bungalow 23",Nehru Road,Opposite City Mall,Civil Lines,Mainpuri,Uttar Pradesh,205001
"72, House 12",Nehru Marg,Next to Community Center,Kakadeo,Bareilly,Uttar Pradesh,243001
"459, Cottage 7",Vivekananda Path,Opposite Shopping Complex,Aliganj,Ayodhya,Uttar Pradesh,224123
"136, Cottage 24",Station Road,Next to Central Park,Alambagh,Varanasi,Uttar Pradesh,221001
"189, Villa 10",Station Road,Opposite Shopping Complex,Sikandra,Mainpuri,Uttar Pradesh,205001
"95, Cottage 17",Ashok Marg,Behind Post Office,Kalyanpur,Lucknow,Uttar Pradesh,226001
"380, Flat 3",Gandhi Chowk,Opposite City Mall,Kakadeo,Kanpur,Uttar Pradesh,208001
"448, Flat 23",Ambedkar Road,Opposite Bank,Sigra,Lucknow,Uttar Pradesh,226001
"434, House 17",Lal Bahadur Shastri Road,Opposite Hospital,Charbagh,Rampur,Uttar Pradesh,244901
"92, Flat 23",Station Road,Adjacent to Fire Station,Shyam Nagar,Hapur,Uttar Pradesh,245101
"19, Bungalow 9",Shivaji Marg,Next to Temple,Aashiana,Lucknow,Uttar Pradesh,226001
"331, Villa 18",Tagore Road,Adjacent to Fire Station,Mahanagar,Kanpur,Uttar Pradesh,208001
"209, Flat 25",Ravindrapuri Road,Close to Airport,Alambagh,Ghaziabad,Uttar Pradesh,201001
"479, Cottage 12",Shivaji Marg,Opposite City Mall,Gomti Nagar,Noida,Uttar Pradesh,201301
"27, Flat 21",Ashok Marg,Behind Govt. School,Kamla Nagar,Hapur,Uttar Pradesh,245101
"22, Cottage 11",Patel Marg,Opposite City Mall,Saket Nagar,Gorakhpur,Uttar Pradesh,273001
"489, Apt. 19",Tagore Road,Close to Bus Stand,Kidwai Nagar,Prayagraj,Uttar Pradesh,211001
"404, Cottage 10",Rajpath,Opposite Shopping Complex,Raj Nagar,Unnao,Uttar Pradesh,209801
"10, Villa 23",Vivekananda Path,Opposite Bank,Lal Bangla,Mainpuri,Uttar Pradesh,205001
"119, Apt. 4",Rajpath,Next to Central Park,Hazratganj,Ayodhya,Uttar Pradesh,224123
"171, House 12",Mahatma Gandhi Road,Behind Govt. School,Sikandra,Farrukhabad,Uttar Pradesh,209625
"350, Apt. 3",Subhash Chauraha,Next to Temple,Jankipuram,Moradabad,Uttar Pradesh,244001
